,2/1_WT,3/1_WT,3/2_WT,mutations1,mutations2,mutations3
A10D,0.012172875,-1.635648438,-1.647821313,20,20,2
A10G,-0.572789626,-0.898682844,-0.325893218,6,4,1
A10P,2.33410097,3.271242158,0.937141188,1,5,3
A10S,0.042230109,-0.976685356,-1.018915464,95,97,15
A10T,0.144420673,0.349851992,0.205431319,250,274,99
A10V,0.313828575,0.166905498,-0.146923077,43,53,15
A118D,0.285191369,0.271242158,-0.013949212,24,29,9
A118E,-0.132805769,0.366214306,0.499020076,387,350,155
A118G,0.281359508,0.530160455,0.248800947,78,94,35
A118P,-0.66589903,-0.313720343,0.352178687,16,10,4
A118R,0.597135376,0.686279657,0.089144281,2,3,1
A118S,0.238943737,0.9896718,0.750728064,94,110,58
A118T,0.50356126,0.899683295,0.396122035,69,97,40
A118V,-0.36222264,-0.919441404,-0.557218764,140,108,23
A130D,0.012172875,0.598816816,0.586643941,34,34,16
A130G,-0.125330649,0.811810539,0.937141188,11,10,6
A130P,-0.795182047,-0.121075265,0.674106782,7,4,2
A130S,-1.139830219,0.171706484,1.311536703,20,9,7
A130T,-0.36333626,-0.198243126,0.165093135,48,37,13
A130V,-0.250861531,-0.728757842,-0.477896311,48,40,9
A133D,1.012172875,1.686279657,0.674106782,1,2,1
A133E,0.123818231,0.606740892,0.482922661,522,564,247
A133G,-0.277333742,0.870704228,1.14803797,44,36,25
A133S,0.012172875,1.603817497,1.591644622,18,18,17
A133T,0.204817953,0.720226989,0.515409036,168,192,86
A133V,-0.03513284,0.124400769,0.159533609,62,60,21
A140E,-0.250861531,0.516354656,0.767216187,54,45,24
A140P,-0.30975522,-0.050685937,0.259069283,10,8,3
A140S,0.409508372,0.029167371,-0.380341002,41,54,13
A140T,-0.072716023,0.364351562,0.437067585,35,33,14
A140V,-0.240593196,-1.313720343,-1.073127147,56,47,7
A163E,0.012172875,0.364351562,0.352178687,15,15,6
A163S,-1.224866322,-0.773151962,0.451714361,33,14,6
A163T,0.353209793,-1.220610939,-1.573820731,15,19,2
A163V,0.810539014,0.332642702,-0.477896311,23,40,9
A164D,0.086173456,0.760280238,0.674106782,19,20,10
A164P,-0.072716023,-0.635648438,-0.562932415,35,33,7
A164S,-0.742714627,-0.483645344,0.259069283,27,16,6
A164T,-0.473253952,-0.635648438,-0.162394486,35,25,7
A164V,-0.890529924,-0.03954538,0.850984544,43,23,13
A176D,0.481658158,1.445271557,0.963613399,13,18,11
A176P,-1.210219546,-1.121075265,0.089144281,7,3,1
A176S,0.080344378,0.317045847,0.23670147,62,65,24
A176T,0.291632829,0.48574667,0.194113841,131,159,57
A176V,-0.168399371,-0.231258183,-0.062858812,34,30,9
A179G,-0.66589903,-0.313720343,0.352178687,8,5,2
A179S,3.012172875,1.686279657,-1.325893218,1,8,1
A179T,0.402962828,-0.635648438,-1.038611266,45,59,9
A179V,-2.011673867,-1.244457681,0.767216187,61,15,8
A181D,-0.4175114,0.39677304,0.81428444,66,49,27
A181S,0.311733157,-0.014160061,-0.325893218,13,16,4
A181T,-0.335750429,-1.536112764,-1.200362336,28,22,3
A181V,-0.009200776,-0.941751566,-0.93255079,68,67,11
A184D,0.062798948,-1.121075265,-1.183874213,28,29,4
A184G,-0.180472203,-0.313720343,-0.13324814,8,7,2
A184P,-0.835824032,-0.483645344,0.352178687,9,5,2
A184S,0.055241597,0.101317156,0.04607556,33,34,11
A184T,0.159014263,0.463887236,0.304872972,28,31,12
A184V,0.102058378,0.311884142,0.209825764,140,149,54
A189E,0.70405058,0.307768034,-0.396282546,13,21,5
A189P,0.246638129,1.183779316,0.937141188,17,20,12
A189S,-0.125330649,0.512250257,0.637580906,88,80,39
A189T,0.275207281,0.364351562,0.089144281,10,12,4
A189V,-0.057089788,0.330135847,0.387225634,64,61,25
A36D,-0.157752127,0.101317156,0.259069283,9,8,3
A36S,0.275207281,3.271242158,2.996034877,5,6,15
A36T,0.012172875,0.307768034,0.295595159,13,13,5
A36V,0.260100388,0.008207752,-0.251892636,48,57,15
A5E,-0.625257046,-0.313720343,0.311536703,28,18,7
A5S,-0.30975522,-0.635648438,-0.325893218,10,8,2
A5T,0.514673215,0.101317156,-0.413356059,36,51,12
A5V,0.860169781,0.949314063,0.089144281,5,9,3
A74E,1.114534592,0.920744911,-0.193789682,34,73,20
A74S,0.012172875,1.686279657,1.674106782,8,8,8
A74T,-0.306509561,-0.153939899,0.152569662,111,89,31
A74V,-0.340128869,-0.52017122,-0.180042351,60,47,13
A89D,0.481658158,0.307768034,-0.173890124,13,18,5
A89E,0.012172875,0.93420717,0.922034296,32,32,19
A89G,-0.572789626,0.101317156,0.674106782,9,6,3
A89P,-0.66589903,-0.313720343,0.352178687,8,5,2
A89S,0.412710804,0.042423467,-0.370287337,50,66,16
A89T,0.311733157,0.248874345,-0.062858812,65,80,24
A89V,-0.287387407,1.008207752,1.295595159,32,26,20
A95C,0.427210374,1.586743983,1.159533609,15,20,14
A95D,0.459631852,0.548776133,0.089144281,11,15,5
A95E,-0.171427063,0.412315691,0.583742754,636,560,263
A95G,-0.003447273,0.131272213,0.134719486,5386,5328,1833
A95P,-0.53096945,0.768741817,1.299711267,51,35,27
A95Q,-0.987827125,2.271242158,3.259069283,2,1,3
A95R,-0.070289285,0.560748775,0.63103806,72,68,33
A95S,0.007833939,0.48681038,0.478976441,666,664,290
A95T,0.012172875,0.20085283,0.188679955,42,42,15
A95V,0.083356201,0.622338836,0.538982635,692,727,331
A95W,0.238632666,0.979410488,0.740777822,253,296,155
C111F,-0.079749615,0.738747077,0.818496691,162,152,84
C111G,0.04853862,0.322107473,0.273568853,901,924,350
C111L,1.597135376,2.271242158,0.674106782,2,6,3
C111R,-0.245427645,-0.072014447,0.173413198,159,133,47
C111S,0.302952271,-0.299781152,-0.602733423,103,126,26
C111V,0.390684498,1.027316575,0.636632077,30,39,19
C111W,-0.359795903,1.133738634,1.493534536,44,34,30
C111Y,-0.254613666,-0.188189461,0.066424205,77,64,21
C125F,-0.523880025,0.998223663,1.522103689,29,20,18
C125G,0.008518939,0.516050514,0.507531575,1186,1183,527
C125R,-0.17369367,-0.867318673,-0.693625002,182,160,31
C125S,0.054608141,-0.292346692,-0.346954833,67,69,17
C125V,-0.572789626,1.423245251,1.996034877,6,4,5
C125W,0.082562203,1.008207752,0.925645549,40,42,25
C125Y,0.068756403,0.627385968,0.558629565,25,26,12
C142F,-0.508659288,0.889813051,1.39847234,33,23,19
C142G,-0.20195193,0.735189257,0.937141188,29,25,15
C142R,-0.682200843,-2.204491273,-1.522290431,89,55,6
C142S,0.330702393,-1.079255089,-1.409957483,170,212,25
C142W,-0.08404244,0.317045847,0.401088288,31,29,12
C142Y,0.311733157,0.307768034,-0.003965123,13,16,5
C144F,-0.758345279,-0.001776337,0.756568942,58,34,18
C144G,0.161550499,0.659807446,0.498256947,55,61,27
C144R,-0.34146408,-2.389823322,-2.048359242,253,198,15
C144S,-0.014963255,-1.05967472,-1.044711465,161,158,24
C144W,-0.366338748,1.15576494,1.522103689,26,20,18
C144Y,0.122355793,-0.831568648,-0.95392444,63,68,11
C57F,-0.572789626,-0.635648438,-0.062858812,15,10,3
C57G,-0.572789626,-1.898682844,-1.325893218,12,8,1
C57R,-0.267935044,-2.623575606,-2.355640561,119,98,6
C57S,-0.03513284,-1.393447535,-1.358314696,93,90,11
C57W,0.564713898,-0.635648438,-1.200362336,15,22,3
C57Y,-0.473253952,-2.706037766,-2.232783813,21,15,1
C71F,0.597135376,0.307768034,-0.289367342,26,39,10
C71G,0.037890045,0.253839111,0.215949066,556,566,206
C71R,-0.240807866,-1.888629179,-1.647821313,143,120,12
C71S,0.174725888,-0.911979666,-1.086705554,109,122,18
C71V,-0.473253952,-1.121075265,-0.647821313,7,5,1
C71W,-0.013822334,0.660284448,0.674106782,112,110,55
C71Y,-0.518341842,-2.014160061,-1.495818219,13,9,1
C82F,-0.328864043,0.525814985,0.854679028,38,30,17
C82G,0.120425766,0.119932834,-0.000492931,77,83,26
C82L,1.012172875,1.686279657,0.674106782,1,2,1
C82R,-0.509779828,-3.121075265,-2.611295437,56,39,2
C82S,0.116509535,-1.635648438,-1.752157973,40,43,4
C82W,0.33410097,0.808270181,0.474169212,68,85,37
C82Y,-0.277333742,-0.188189461,0.089144281,11,9,3
C86F,0.128686884,0.032275512,-0.096411372,107,116,34
C86G,0.171931693,0.251441915,0.079510222,538,601,199
C86L,0.204817953,-0.121075265,-0.325893218,14,16,4
C86R,-0.302700462,-1.401183184,-1.098482722,153,123,18
C86S,-0.332272657,-0.911506884,-0.579234228,339,267,56
C86V,0.597135376,0.949314063,0.352178687,20,30,12
C86W,-0.02919756,0.156331258,0.185528818,283,275,98
C86Y,-0.586864811,-0.752293357,-0.165428546,103,68,19
D108A,-0.024310038,0.291761326,0.316071364,1722,1679,655
D108C,0.15419188,-0.171701338,-0.325893218,29,32,8
D108E,0.154025508,0.498948379,0.344922871,271,299,119
D108G,-0.013990706,0.255725821,0.269716527,779,765,289
D108H,-0.383755801,0.364351562,0.748107364,75,57,30
D108N,0.1674511,-0.188189461,-0.355640561,44,49,12
D108R,1.33410097,3.493634579,2.159533609,2,5,7
D108S,0.597135376,-0.121075265,-0.718210641,14,21,4
D108T,-2.987827125,1.008207752,3.996034877,8,1,5
D108V,0.034892951,0.409439452,0.3745465,252,256,104
D108Y,-0.228835225,1.006901554,1.235736779,221,187,138
D114A,-0.220000567,0.135037774,0.355038341,296,252,101
D114E,0.031155978,0.556399374,0.525243396,151,153,69
D114G,-0.133677992,-0.692231966,-0.558553975,312,282,60
D114H,-0.987827125,0.686279657,1.674106782,8,4,4
D114N,-0.222292379,-0.635648438,-0.413356059,20,17,4
D114V,-1.490327466,-2.401183184,-0.910855719,51,18,3
D114Y,-0.39221738,1.148622871,1.540840251,45,34,31
D158A,0.012172875,0.47982878,0.467655905,60,60,26
D158E,0.127650092,0.423245251,0.295595159,12,13,5
D158G,-0.346018764,-0.929709739,-0.583690975,141,110,23
D158N,0.860169781,0.364351562,-0.495818219,5,9,2
D158V,-0.628284738,-0.456678297,0.171606442,53,34,12
D158Y,-0.324862112,0.423245251,0.748107364,24,19,10
D51E,0.106588477,-0.279286846,-0.385875323,207,221,53
D51G,-0.041866965,0.271242158,0.313109123,136,131,51
D51N,0.356127276,-0.692231966,-1.048359242,26,33,5
D51V,-0.110311132,-1.932630176,-1.822319044,86,79,7
D51Y,-0.880911921,-1.014160061,-0.13324814,13,7,2
D68A,0.111708548,0.381425075,0.269716527,42,45,17
D68E,0.100982142,0.030927828,-0.070054313,63,67,20
D68G,-0.973327555,-2.943076963,-1.969749408,99,50,4
D68H,-0.250861531,0.101317156,0.352178687,6,5,2
D68N,-0.164704887,1.15576494,1.320469828,26,23,18
D68V,-0.170691182,-1.121075265,-0.950384083,42,37,6
D68Y,0.012172875,-0.050685937,-0.062858812,10,10,3
D9A,0.374742954,-2.121075265,-2.495818219,14,18,1
D9E,-0.572789626,0.101317156,0.674106782,6,4,2
D9G,-0.850323601,-0.635648438,0.214675163,20,11,4
D9N,0.113813137,-0.20229906,-0.316112197,137,147,37
D9V,1.012172875,-0.635648438,-1.647821313,5,10,1
D9Y,0.149676399,-0.050685937,-0.200362336,10,11,3
E129A,0.195619016,-0.874435297,-1.070054313,59,67,10
E129D,0.216897524,-0.655188624,-0.872086148,223,257,44
E129G,-0.025441417,-0.292658727,-0.267217311,272,265,69
E129K,-0.753361871,-0.401183184,0.352178687,34,20,8
E129Q,-0.333601962,-1.922529586,-1.588927624,61,48,5
E129V,0.09876056,-1.59170509,-1.69046565,97,103,10
E12A,0.07357342,-1.837282299,-1.910855719,23,24,2
E12D,-0.008585685,0.914548645,0.92313433,70,69,41
E12G,0.096706385,0.52873838,0.432031995,116,123,52
E12K,0.003429242,-0.192554653,-0.195983895,331,329,90
E12V,0.124382378,0.481459865,0.357077487,272,294,118
E155A,0.012172875,0.516354656,0.504181781,27,27,12
E155D,0.454955365,-0.142239875,-0.59719524,103,140,29
E155G,-0.257345565,-0.359732741,-0.102387176,223,185,54
E155K,0.597135376,1.101317156,0.504181781,6,9,4
E155Q,1.597135376,1.686279657,0.089144281,1,3,1
E155V,-0.625257046,-0.823394716,-0.198137671,336,216,59
E162A,-0.113358007,0.801756874,0.915114882,24,22,13
E162D,-0.117707408,0.280764932,0.39847234,151,138,57
E162G,-0.482252079,-0.818714539,-0.33646246,193,137,34
E162K,-0.350397205,-0.483645344,-0.13324814,9,7,2
E162Q,-0.473253952,-1.121075265,-0.647821313,7,5,1
E162V,-1.80181514,-2.274549746,-0.472734606,109,31,7
E16A,-0.125330649,-1.773151962,-1.647821313,11,10,1
E16G,0.087360371,-0.068607845,-0.155968216,486,512,144
E16K,-0.53531492,-0.561647856,-0.026332936,19,13,4
E16V,-0.324110513,-0.386969325,-0.062858812,101,80,24
E185A,0.33410097,2.008207752,1.674106782,4,5,5
E185D,0.860169781,1.364351562,0.504181781,5,9,4
E185G,-0.402864624,0.271242158,0.674106782,8,6,3
E185K,-0.553424301,0.383716887,0.937141188,37,25,15
E185Q,-0.987827125,0.686279657,1.674106782,4,2,2
E185V,-0.795182047,0.878924735,1.674106782,7,4,4
E187A,-0.139830219,0.534276564,0.674106782,20,18,9
E187D,0.722666258,1.03420296,0.311536703,11,18,7
E187G,-0.180472203,-0.091327922,0.089144281,24,21,7
E187K,-0.287387407,-0.313720343,-0.026332936,16,13,4
E187Q,1.012172875,0.686279657,-0.325893218,2,4,1
E187V,0.012172875,0.949314063,0.937141188,5,5,3
E19A,0.149676399,0.686279657,0.536603258,10,11,5
E19G,-0.137340667,-0.696724015,-0.559383348,386,348,74
E19K,-0.502400298,-0.898682844,-0.396282546,30,21,5
E19V,0.036625919,-0.014160061,-0.05078598,117,119,36
E22A,-0.30975522,-1.372614032,-1.062858812,25,20,3
E22D,-0.125330649,-0.451223867,-0.325893218,22,20,5
E22G,0.050647023,0.158650331,0.108003309,222,228,77
E22K,0.012172875,-0.261252923,-0.273425798,54,54,14
E22V,-0.110683873,-0.680502674,-0.569818801,98,90,19
E26D,0.164175968,-0.483645344,-0.647821313,9,10,2
E26G,-0.050291212,-0.242167082,-0.19187587,236,226,62
E26K,0.535734831,-1.313720343,-1.849455174,16,23,2
E26V,-0.221317255,0.330799002,0.552116258,87,74,34
E28A,0.119088079,-1.014160061,-1.13324814,13,14,2
E28D,-0.196413747,-0.206805139,-0.010391392,52,45,14
E28G,-0.183892264,0.117171107,0.301063372,181,158,61
E28K,0.234565296,-0.898682844,-1.13324814,12,14,2
E28Q,-1.572789626,-0.898682844,0.674106782,6,2,1
E28V,-0.064789107,0.506955958,0.571745064,77,73,34
E37A,1.182097876,-0.313720343,-1.495818219,8,18,2
E37D,0.390684498,-0.050685937,-0.441370435,10,13,3
E37G,-0.019711186,0.299862836,0.319574022,183,179,70
E37K,0.583329576,-1.44300336,-2.026332936,35,52,4
E37V,0.476576451,-1.03253859,-1.509115042,79,109,12
E48A,-1.447258744,-1.773151962,-0.325893218,11,4,1
E48D,0.032072432,-0.676290422,-0.708362855,72,73,14
E48G,-0.219700599,-0.904996618,-0.685296018,229,195,38
E48K,-0.625257046,-1.121075265,-0.495818219,14,9,2
E48V,-0.325696764,-1.014160061,-0.688463297,182,144,28
E54A,-0.572789626,-0.898682844,-0.325893218,18,12,3
E54D,0.491340712,0.285741727,-0.205598984,66,92,25
E54G,-0.298866904,-0.253777803,0.045089101,165,133,43
E54K,-0.572789626,-0.483645344,0.089144281,27,18,6
E54Q,-0.987827125,2.271242158,3.259069283,2,1,3
E54V,-0.441545093,-1.043072753,-0.60152766,126,92,19
E59A,0.749138469,-0.898682844,-1.647821313,6,10,1
E59D,-0.04368036,0.137386411,0.181066771,79,76,27
E59G,0.904827465,1.436603634,0.531776169,258,479,217
E59K,-0.292681707,-2.706037766,-2.413356059,21,17,1
E59V,-0.299028813,0.264046656,0.56307547,67,54,25
E79A,0.278247735,0.667901128,0.389653393,158,190,78
E79D,0.55579458,0.710527203,0.154732623,59,86,30
E79G,-0.098251115,-0.561647856,-0.463396742,190,176,40
E79K,-0.866520829,-2.146610357,-1.280089528,57,31,4
E79Q,-2.572789626,-0.898682844,1.674106782,6,1,1
E79V,-1.656205634,-1.467525679,0.188679955,89,28,10
F109C,-0.320402464,0.537416271,0.857818735,204,162,92
F109I,-0.007455932,-1.201245614,-1.193789682,74,73,10
F109L,0.115512625,0.177815294,0.062302669,404,434,142
F109P,1.597135376,1.686279657,0.089144281,1,3,1
F109R,0.012172875,0.101317156,0.089144281,3,3,1
F109S,0.331183486,-0.388488111,-0.719671598,198,247,47
F109V,-0.069779985,0.367811264,0.437591249,833,787,334
F109Y,0.061082475,0.150226757,0.089144281,87,90,30
F150I,0.296626264,0.101317156,-0.195309108,78,95,26
F150L,0.061320524,0.104883771,0.043563247,404,418,135
F150S,0.327143419,0.567493505,0.240350086,291,362,134
F150V,0.012172875,-0.349344253,-0.361517128,41,41,10
F150Y,-0.182095946,-1.132480028,-0.950384083,127,111,18
F159C,-0.119930661,-0.112086482,0.007844179,80,73,23
F159I,0.031155978,-0.507730963,-0.538886941,151,153,33
F159L,0.216264479,0.036222128,-0.180042351,408,470,130
F159S,0.185119228,0.262139951,0.077020722,212,239,79
F159V,0.189050637,0.250180542,0.061129905,46,52,17
F159Y,-0.108579285,-0.411752426,-0.303173141,137,126,32
F47C,-0.267935044,-1.66421759,-1.396282546,51,42,5
F47I,0.054608141,0.527081062,0.472472921,67,69,30
F47L,0.041676869,-0.103300563,-0.144977433,242,247,70
F47S,-0.114939043,-0.734563464,-0.619624421,166,152,31
F47V,0.012172875,-1.523173709,-1.535346584,37,37,4
F47Y,1.086173456,1.345242739,0.259069283,19,40,15
F62C,-1.283283009,-1.483645344,-0.200362336,27,11,3
F62H,0.012172875,1.686279657,1.674106782,1,1,1
F62I,0.460446704,1.332416273,0.871969569,354,483,277
F62L,0.295420502,0.626537573,0.331117072,567,690,272
F62S,0.257285373,-0.666509402,-0.923794774,189,224,37
F62V,0.012172875,0.849778389,0.837605514,25,25,14
F62Y,-0.046041739,0.327198564,0.373240303,177,170,69
F6C,-0.795182047,0.463887236,1.259069283,7,4,3
F6I,0.012172875,1.686279657,1.674106782,1,1,1
F6L,-0.473253952,-0.121075265,0.352178687,42,30,12
F6S,0.664249571,-1.121075265,-1.785324837,7,11,1
F6V,0.360096178,0.811810539,0.451714361,11,14,6
G106A,-0.30975522,0.534276564,0.844031784,80,64,36
G106C,0.023143993,0.782139672,0.75899568,131,132,70
G106D,-0.163676961,-0.785026062,-0.621349101,61,54,11
G106R,0.024609978,0.56245107,0.537841092,231,233,106
G106S,-0.235754639,0.438352144,0.674106782,38,32,16
G106V,0.064640295,1.300625964,1.23598567,81,84,62
G127E,-0.172251696,-2.957576533,-2.785324837,25,22,1
G127R,0.110020198,-0.446170639,-0.556190837,57,61,13
G127V,-0.374850248,1.058248434,1.433098683,17,13,11
G128A,-1.987827125,-1.313720343,0.674106782,8,2,1
G128E,-0.34146408,1.069608297,1.411072376,23,18,15
G128R,-0.44033933,-0.206805139,0.233534191,26,19,7
G128V,0.452745466,1.785815331,1.333069864,14,19,15
G128W,0.012172875,-0.014160061,-0.026332936,13,13,4
G160C,0.097564366,0.083615155,-0.013949212,82,87,27
G160D,0.313828575,-0.739985098,-1.053813672,43,53,8
G160R,0.808639481,-0.976685356,-1.785324837,19,33,3
G160S,0.066620659,-0.554728443,-0.621349101,52,54,11
G160V,-1.30975522,-0.635648438,0.674106782,15,6,3
G169C,-0.44033933,0.07330278,0.51364211,52,38,17
G169D,-1.4446848,-1.858040859,-0.413356059,280,102,24
G169R,-3.447258744,-1.773151962,1.674106782,11,1,1
G169S,0.240441863,-1.121075265,-1.361517128,35,41,5
G169V,-1.30975522,0.742863185,2.052618405,25,10,13
G18C,-0.625257046,-0.536112764,0.089144281,14,9,3
G18D,-0.359795903,1.226848038,1.586643941,22,17,16
G18V,1.012172875,1.101317156,0.089144281,3,6,2
G2E,-0.542415977,-0.167869477,0.3745465,47,32,13
G2R,-0.374850248,-0.079255089,0.295595159,51,39,15
G2V,0.374742954,1.686279657,1.311536703,7,9,7
G2W,-0.615858348,-0.401183184,0.214675163,17,11,4
G39C,0.55966067,-1.014160061,-1.573820731,13,19,2
G39D,-0.913826544,0.245707066,1.159533609,38,20,14
G39R,0.497599702,0.364351562,-0.13324814,5,7,2
G39S,-0.098858438,0.78937315,0.888231587,54,50,29
G39V,-0.168399371,-2.401183184,-2.232783813,17,15,1
G40C,0.062798948,-0.313720343,-0.376519291,28,29,7
G40D,0.368316685,0.627385968,0.259069283,50,64,24
G40S,0.258812842,-0.874435297,-1.13324814,59,70,10
G40V,0.116008686,0.375077969,0.259069283,67,72,27
G69D,-0.19933123,-0.188189461,0.011141769,22,19,6
G69S,-0.402864624,-2.188189461,-1.785324837,44,33,3
G69V,-0.250861531,-0.898682844,-0.647821313,6,5,1
G84C,0.262151128,-0.201245614,-0.463396742,37,44,10
G84D,-0.402864624,0.101317156,0.504181781,24,18,8
G84S,-0.795182047,-1.44300336,-0.647821313,35,20,4
G84V,-0.425948238,0.293962234,0.719910472,42,31,16
G87C,0.299054023,0.042423467,-0.256630555,50,61,16
G87D,-0.736288358,-0.121075265,0.615213093,42,25,12
G87R,0.041920218,-0.091327922,-0.13324814,48,49,14
G87S,-0.629933533,-1.415258369,-0.785324837,103,66,12
G87V,0.490220172,1.048849736,0.558629565,28,39,18
G97A,0.012172875,1.03420296,1.022030086,11,11,7
G97C,0.081406375,0.46264246,0.381236085,773,811,331
G97D,-0.724792719,-0.313720343,0.411072376,20,12,5
G97R,-0.457312408,-0.483645344,-0.026332936,36,26,8
G97S,-0.596636368,-0.156994839,0.439641528,61,40,17
G97V,0.098072948,0.922514003,0.824441055,326,346,192
G97W,-0.039666057,0.703153476,0.742819532,85,82,43
G99A,-0.549706013,0.054011441,0.603717454,62,42,20
G99C,-0.987827125,0.686279657,1.674106782,10,5,5
G99E,0.051701239,0.516354656,0.464653416,72,74,32
G99R,-0.072994508,0.119579363,0.192573871,157,148,53
G99S,1.012172875,3.271242158,2.259069283,1,2,3
G99V,-0.020067462,0.756289378,0.77635684,181,177,95
G99W,-0.473253952,0.686279657,1.159533609,14,10,7
H151L,-0.443506609,-0.728757842,-0.285251233,48,35,9
H151N,0.552741256,1.03420296,0.481461704,11,16,7
H151P,-0.625257046,-2.121075265,-1.495818219,28,18,2
H151Q,-0.228835225,-0.554728443,-0.325893218,104,88,22
H151R,-0.662731751,-0.867318673,-0.204586922,182,114,31
H151Y,0.113710901,0.101317156,-0.012393745,96,103,32
H44D,-2.30975522,-0.635648438,1.674106782,5,1,1
H44L,-0.213708533,0.101317156,0.315025689,138,118,46
H44N,0.143417408,-1.121075265,-1.264492673,21,23,3
H44P,-0.113358007,-0.091327922,0.022030086,24,22,7
H44Q,0.113456211,-0.125453706,-0.238909916,165,177,47
H44R,-0.108842526,0.491263675,0.600106201,174,160,76
H44S,0.012172875,2.908672078,2.896499203,3,3,7
H44Y,-0.411966832,-1.041640798,-0.629673966,106,79,16
H45L,0.359443818,-0.158069473,-0.51751329,158,201,44
H45N,1.292280794,-0.121075265,-1.413356059,7,17,2
H45P,-0.271620091,-0.121075265,0.150544826,28,23,8
H45Q,0.526746048,0.463887236,-0.062858812,14,20,6
H45R,-0.169824959,-0.303073099,-0.13324814,135,119,34
H45Y,0.092343224,0.726921641,0.634578418,105,111,54
H61L,0.057120281,0.611317599,0.554197318,158,163,75
H61N,0.427210374,0.423245251,-0.003965123,12,16,5
H61P,0.395501514,1.069608297,0.674106782,23,30,15
H61Q,-0.04922767,0.560748775,0.609976445,24,23,11
H61R,0.323021524,0.399398509,0.076376985,183,227,75
H61Y,-0.572789626,0.023314644,0.59610427,57,38,18
I112E,0.012172875,0.686279657,0.674106782,2,2,1
I112F,0.597135376,0.686279657,0.089144281,2,3,1
I112G,1.33410097,0.686279657,-0.647821313,2,5,1
I112K,-0.013590221,0.036025696,0.049615917,226,222,72
I112L,0.071686945,0.382337308,0.310650363,1116,1163,452
I112M,0.320804147,0.409948429,0.089144281,109,135,45
I112N,0.427210374,1.101317156,0.674106782,9,12,6
I112Q,0.514673215,1.560748775,1.04607556,12,17,11
I112R,0.138891929,0.358225459,0.219333531,708,773,282
I112S,-0.113358007,1.101317156,1.214675163,12,11,8
I112T,0.208315397,0.426043885,0.217728487,206,236,86
I112V,0.445631571,0.899008981,0.45337741,428,578,248
I13F,0.137703757,-0.773151962,-0.910855719,22,24,4
I13L,-0.103304343,-3.599122562,-3.495818219,39,36,1
I13M,2.597135376,1.686279657,-0.910855719,1,6,1
I13N,0.058967086,-0.177658793,-0.23662588,91,94,25
I13S,0.082562203,-1.050685937,-1.13324814,20,21,3
I13T,0.127165397,0.036900428,-0.090264969,229,248,73
I13V,0.115021282,-0.02485995,-0.139881232,203,218,62
I14F,0.317027456,-0.915756357,-1.232783813,85,105,14
I14L,0.136161592,-1.42919756,-1.565359153,78,85,9
I14N,0.435980584,0.235618248,-0.200362336,82,110,30
I14S,1.182097876,1.686279657,0.504181781,4,9,4
I14T,-0.057691932,-0.125453706,-0.067761774,825,786,235
I14V,0.158393616,-0.150221611,-0.308615226,150,166,42
I96A,-0.862296243,-0.188189461,0.674106782,11,6,3
I96C,-0.024980124,0.504076326,0.529056449,236,230,104
I96D,0.886641993,-0.898682844,-1.785324837,6,11,1
I96F,0.079531923,0.270882966,0.191351042,1339,1403,502
I96G,0.379904659,0.539438269,0.159533609,31,40,14
I96H,0.182097876,1.008207752,0.826109876,8,9,5
I96K,-0.835824032,0.83828275,1.674106782,9,5,5
I96L,0.093137404,0.369852206,0.276714802,1178,1246,473
I96M,-0.010859905,0.41771919,0.428579095,1831,1802,760
I96N,0.035256488,-0.01998914,-0.055245628,124,126,38
I96P,0.012172875,-1.635648438,-1.647821313,10,10,1
I96R,0.282820465,0.663196044,0.380375579,63,76,31
I96S,0.055303904,0.446362491,0.391058587,2043,2105,865
I96T,0.651841268,0.899683295,0.247842027,138,215,80
I96V,0.011661372,0.096193944,0.084532572,2821,2820,937
I96Y,-0.250861531,-0.313720343,-0.062858812,12,10,3
K100D,0.497599702,2.364351562,1.86675186,5,7,8
K100E,0.009201308,-0.119591774,-0.128793082,486,485,139
K100G,-0.374850248,-0.401183184,-0.026332936,17,13,4
K100H,0.749138469,1.101317156,0.352178687,3,5,2
K100I,0.225166598,-0.866261366,-1.091427964,88,102,15
K100N,-0.138558561,0.323709578,0.462268139,504,454,196
K100Q,-0.012809482,0.361252323,0.374061805,233,229,93
K100R,0.323976752,0.096263929,-0.227712824,286,355,95
K100S,1.012172875,0.101317156,-0.910855719,3,6,1
K100T,-0.167736215,0.656117686,0.823853902,145,128,71
K135E,0.443512186,1.423245251,0.979733065,132,178,110
K135G,-0.987827125,0.686279657,1.674106782,2,1,1
K135I,-0.213708533,1.278194918,1.491903451,69,59,52
K135N,0.220490111,-0.04602456,-0.266514671,103,119,31
K135Q,0.012172875,0.364351562,0.352178687,5,5,2
K135R,0.846985792,0.334516333,-0.51246946,171,305,67
K135T,-0.250861531,0.560748775,0.811610306,24,20,11
K143E,0.839023973,0.338356354,-0.500667619,84,149,33
K143M,0.189959994,-0.244457681,-0.434417675,122,138,32
K143N,0.081881847,0.157351191,0.075469345,101,106,35
K143Q,-0.228835225,1.445271557,1.674106782,13,11,11
K143R,-0.56294184,-1.388067684,-0.825125845,219,147,26
K143T,0.143417408,-0.618574925,-0.761992333,84,92,17
K145E,0.574051762,1.344588307,0.770536545,147,217,116
K145M,0.321500933,1.04536075,0.723859817,92,114,59
K145N,-0.119071658,0.162717701,0.281789359,23,21,8
K145Q,0.119088079,0.985839939,0.86675186,13,14,8
K145R,0.441938711,0.539053704,0.097114993,268,361,121
K145T,0.243498421,-0.029927377,-0.273425798,23,27,7
K157E,0.081435537,0.077470414,-0.003965123,122,128,40
K157I,0.214989758,-0.234285876,-0.449275633,53,61,14
K157N,0.256591603,1.218500696,0.961909093,65,77,47
K157Q,0.164175968,0.686279657,0.522103689,18,20,9
K157R,0.152180354,-0.182076337,-0.334256691,157,173,43
K157T,0.33410097,0.101317156,-0.232783813,12,15,4
K168E,0.348456263,0.337044216,-0.011412047,400,505,157
K168M,0.322512995,-0.050685937,-0.373198933,50,62,15
K168N,0.393263042,0.507942416,0.114679374,43,56,19
K168Q,1.256098458,-0.561647856,-1.817746314,19,45,4
K168R,0.27908029,0.340892589,0.061812299,310,373,122
K168T,-0.145368402,0.998223663,1.143592065,29,26,18
K171E,0.203471527,0.905592685,0.702121158,134,153,78
K171I,0.040742027,-0.498144914,-0.538886941,50,51,11
K171N,-0.208273902,0.077762428,0.28603633,247,212,81
K171Q,-1.402864624,1.008207752,2.411072376,8,3,5
K171R,-0.263769015,-0.217693455,0.04607556,247,204,66
K180E,0.00471707,0.152456005,0.147738935,194,193,67
K180I,0.407310817,-0.416082061,-0.823392877,73,96,17
K180N,0.367015592,0.818729953,0.451714361,104,133,57
K180Q,0.427210374,-1.483645344,-1.910855719,18,24,2
K180R,0.489494652,-0.031949375,-0.521444027,102,142,31
K180T,0.149676399,0.823783181,0.674106782,20,22,11
K31E,0.09569623,0.695802431,0.600106201,151,160,76
K31I,0.411780334,-0.283346694,-0.695127028,47,62,12
K31N,-0.01611617,-0.04602456,-0.02990839,103,101,31
K31R,0.098146098,-0.146610357,-0.244756455,114,121,32
K31T,-1.180472203,-2.313720343,-1.13324814,16,7,1
K50E,-0.237186594,0.030927828,0.268114422,126,106,40
K50M,-0.580169156,-0.680502674,-0.100333517,98,65,19
K50N,-0.139830219,1.06479128,1.204621499,20,18,13
K50Q,0.819527797,-0.313720343,-1.13324814,8,14,2
K50R,-0.097799967,-2.496942167,-2.3991422,109,101,6
K50T,-0.824328393,-0.150221611,0.674106782,25,14,7
K75A,0.012172875,1.686279657,1.674106782,1,1,1
K75E,0.528887075,0.313470393,-0.215416682,202,289,78
K75M,0.101440213,1.085887116,0.984446903,47,50,31
K75N,0.526746048,-0.536112764,-1.062858812,14,20,3
K75Q,1.514673215,0.908672078,-0.606001137,12,34,7
K75R,0.331203021,-0.730367095,-1.061570116,299,373,56
K75T,0.394642512,0.402486691,0.007844179,56,73,23
K7E,1.471604494,-0.313720343,-1.785324837,4,11,1
K7I,2.597135376,1.686279657,-0.910855719,1,6,1
L123A,-0.987827125,0.686279657,1.674106782,2,1,1
L123C,-0.402864624,1.493634579,1.896499203,8,6,7
L123F,0.072714417,0.914548645,0.841834228,70,73,41
L123M,0.591035176,-0.53003825,-1.121073426,79,118,17
L123R,0.012172875,2.271242158,2.259069283,2,2,3
L123S,0.327046212,-0.541989331,-0.869035543,164,204,35
L123V,0.104257274,0.104592288,0.000335014,440,469,147
L123W,-0.020474359,0.553733853,0.574208212,581,568,265
L124M,-0.528395506,0.686279657,1.214675163,16,11,8
L124P,0.182097876,-1.870113692,-2.052211568,200,225,17
L124Q,0.213085569,-1.171701338,-1.384786907,87,100,12
L124R,0.008193024,0.420858658,0.412665634,363,362,151
L124V,-1.023451035,-0.501347346,0.522103689,41,20,9
L124W,0.012172875,1.101317156,1.089144281,3,3,2
L138F,0.121797366,-0.239719762,-0.361517128,38,41,10
L138H,0.253878771,-2.16717168,-2.421050451,159,188,11
L138I,-0.415248349,0.400877438,0.816125787,39,29,16
L138P,0.313939675,-0.417468268,-0.731407943,245,302,57
L138R,0.159014263,0.720226989,0.561212726,84,93,43
L138V,-0.987827125,0.323709578,1.311536703,18,9,7
L147F,-0.84580812,-0.849773243,-0.003965123,29,16,5
L147M,-0.027355489,0.000388247,0.027743737,74,72,23
L147S,0.120697332,-0.313720343,-0.434417675,192,207,48
L147V,0.358823399,0.931392155,0.572568756,81,103,48
L147W,0.148056303,0.300625964,0.152569662,81,89,31
L156I,-0.366338748,1.15576494,1.522103689,13,10,9
L156P,0.390684498,0.157900685,-0.232783813,150,195,52
L156Q,0.439594099,0.28773028,-0.151863818,87,117,33
L156R,-0.094742329,1.686279657,1.781021986,14,13,14
L17F,0.012172875,-1.706037766,-1.718210641,21,21,2
L17H,-0.364681431,-1.056224121,-0.69154269,87,67,13
L17I,0.012172875,0.768741817,0.756568942,17,17,9
L17P,-0.002855334,0.32264131,0.325496645,193,191,75
L17R,-0.880911921,-0.42919756,0.451714361,13,7,3
L186F,-0.597880607,0.28773028,0.885610887,29,19,11
L186I,0.012172875,-0.313720343,-0.325893218,4,4,1
L186S,1.182097876,-0.313720343,-1.495818219,4,9,1
L186V,-0.987827125,0.686279657,1.674106782,2,1,1
L27I,0.893528378,0.608277145,-0.285251233,19,35,9
L27P,-0.284444131,0.151502913,0.435947045,113,92,39
L27Q,-0.439206471,-0.679369815,-0.240163344,67,49,13
L27R,-0.900364284,-0.991792248,-0.091427964,32,17,5
L27V,0.427210374,-0.898682844,-1.325893218,6,8,1
L60F,-0.39221738,-0.718110598,-0.325893218,90,68,17
L60I,-0.225326439,-0.121075265,0.104251174,112,95,32
L60S,0.22471751,-1.203537425,-1.428254936,126,146,17
L60V,0.012172875,-0.976685356,-0.988858231,19,19,3
L80I,0.250332612,0.610330804,0.359998192,78,92,37
L80P,0.171896563,-2.292760724,-2.464657288,205,229,13
L80Q,0.012172875,-1.220610939,-1.232783813,135,135,18
L80R,-0.162913832,-0.050685937,0.112227895,140,124,42
L80T,1.012172875,1.686279657,0.674106782,1,2,1
L80V,0.57607376,0.747680202,0.171606442,23,34,12
L91C,-2.688266843,0.793194861,3.481461704,13,2,7
L91F,-0.248354675,0.425752107,0.674106782,115,96,48
L91M,0.597135376,0.364351562,-0.232783813,40,60,16
L91P,0.819527797,1.271242158,0.451714361,4,7,3
L91S,0.455116371,0.441167159,-0.013949212,256,348,108
L91V,0.584079223,0.646751293,0.06267207,37,55,18
L91W,0.116330106,0.368203888,0.251873781,187,201,75
L92A,0.275207281,1.364351562,1.089144281,10,12,8
L92C,0.860169781,2.686279657,1.826109876,5,9,10
L92F,-0.66589903,0.686279657,1.352178687,8,5,4
L92G,0.275207281,0.949314063,0.674106782,5,6,3
L92H,0.427210374,1.516354656,1.089144281,9,12,8
L92I,-1.572789626,1.101317156,2.674106782,3,1,2
L92M,-0.406779674,0.136082574,0.542862249,123,92,42
L92P,-0.066510475,0.645900195,0.71241067,471,446,229
L92Q,0.190581348,0.574880732,0.384299384,471,533,218
L92R,0.147597088,0.426704124,0.279107036,2083,2288,870
L92S,-0.30975522,0.364351562,0.674106782,10,8,4
L92T,0.69024478,1.364351562,0.674106782,5,8,4
L92V,-0.009360287,0.47982878,0.489189066,270,266,117
L92W,0.155130829,1.055513467,0.900382638,48,53,31
M33I,0.210718554,0.70973863,0.499020076,61,70,31
M33K,-0.20195193,-0.756663839,-0.554711908,87,75,16
M33L,0.742986242,0.775546995,0.032560753,47,78,25
M33R,0.046938293,-2.086309847,-2.13324814,41,42,3
M33T,-0.079945327,0.919256829,0.999202156,97,91,57
M33V,0.15419188,-0.048318923,-0.202510802,203,224,61
N152C,-1.739899612,-1.506365421,0.233534191,64,19,7
N152D,-0.012280169,-0.038613105,-0.026332936,119,117,36
N152H,0.275207281,-0.635648438,-0.910855719,10,12,2
N152I,-1.078024934,-1.358114462,-0.280089528,66,31,8
N152K,0.218623752,0.793194861,0.574571109,13,15,7
N152S,0.291858521,-0.23685158,-0.528710101,201,244,53
N152T,0.656029065,-2.313720343,-2.969749408,32,50,2
N152Y,0.204817953,-2.121075265,-2.325893218,28,32,2
N182D,-0.042793584,-0.077907406,-0.035113822,428,412,126
N182H,-0.987827125,-0.898682844,0.089144281,6,3,1
N182I,0.171829541,0.686279657,0.514450116,94,105,47
N182K,-0.018854021,0.4536189,0.472472921,47,46,20
N182S,0.015411249,-0.356494367,-0.371905616,445,446,108
N182T,2.597135376,1.686279657,-0.910855719,2,12,2
N182Y,-0.987827125,-0.773151962,0.214675163,22,11,4
N188D,-0.987827125,-0.050685937,0.937141188,10,5,3
N188H,1.012172875,1.686279657,0.674106782,2,4,2
N188K,-0.572789626,-0.16171725,0.411072376,18,12,5
N188S,0.012172875,-0.313720343,-0.325893218,8,8,2
N188T,0.526746048,1.20085283,0.674106782,7,10,5
N29D,0.056738427,-0.848642161,-0.905380589,255,263,44
N29H,-0.023160198,0.317045847,0.340206046,124,121,48
N29I,-0.219152671,-0.609176227,-0.390023555,108,92,22
N29K,0.427210374,0.516354656,0.089144281,9,12,4
N29S,-0.058988154,-0.575212584,-0.51622443,187,178,39
N29T,-0.054322537,-0.353248707,-0.29892617,111,106,27
N29Y,-0.327313591,1.191514965,1.518828557,62,49,44
N30D,-0.047948118,0.115963932,0.16391205,294,282,99
N30H,0.349207862,0.438352144,0.089144281,19,24,8
N30I,-0.148291797,-0.687178739,-0.538886941,57,51,11
N30K,0.012172875,1.317045847,1.304872972,31,31,24
N30S,0.113202795,-0.151289878,-0.264492673,193,207,54
N30T,-0.572789626,2.516354656,3.089144281,9,6,16
N30Y,-0.363694027,-1.081904668,-0.718210641,109,84,16
N34D,-0.026046447,-0.36165482,-0.335608373,153,149,37
N34I,0.191722295,-0.296442352,-0.488164647,83,94,21
N34K,-1.402864624,0.271242158,1.674106782,16,6,6
N34S,-0.223799635,-0.585316762,-0.361517128,338,287,70
N34T,-0.67970483,-0.121075265,0.558629565,21,13,6
N34Y,-0.130431521,-0.401183184,-0.270751664,170,154,40
N38D,-0.096159747,-0.124148099,-0.027988352,235,218,67
N38H,0.535734831,0.686279657,0.150544826,16,23,8
N38I,-0.222292379,-0.828293516,-0.606001137,40,34,7
N38K,-0.037703032,-0.069483533,-0.031780501,206,199,61
N38S,-0.011034516,0.873157792,0.884192308,188,185,107
N38T,1.164175968,-1.483645344,-2.647821313,9,20,1
N38Y,0.058715461,-0.074532679,-0.13324814,122,126,36
N8I,-2.157752127,-0.483645344,1.674106782,9,2,2
N8K,0.427210374,1.101317156,0.674106782,3,4,2
N8S,1.33410097,1.686279657,0.352178687,2,5,2
N94A,-0.987827125,0.686279657,1.674106782,2,1,1
N94D,0.048931425,-0.380391383,-0.429322808,155,159,37
N94E,0.542687592,1.101317156,0.558629565,9,13,6
N94G,0.860169781,0.949314063,0.089144281,5,9,3
N94H,-0.024821333,0.426893028,0.451714361,158,154,66
N94I,0.05691119,0.785057811,0.728146622,127,131,68
N94K,0.104349423,0.244236278,0.139886856,2804,2989,1032
N94M,0.297575094,0.386719375,0.089144281,32,39,13
N94Q,0.664249571,1.463887236,0.799637664,7,11,6
N94R,0.379904659,0.732083347,0.352178687,31,40,16
N94S,0.209772835,0.114492545,-0.09528029,327,375,110
N94T,0.093472977,0.311109541,0.217636564,345,365,133
N94Y,-0.277333742,-0.995544383,-0.718210641,77,63,12
P104A,-0.014627184,0.065471957,0.080099142,163,160,53
P104H,0.080344378,0.902008348,0.821663971,62,65,36
P104L,0.130228636,-0.195664581,-0.325893218,129,140,35
P104Q,-0.230683649,0.580926657,0.811610306,142,120,66
P104R,0.242040417,-0.007617215,-0.249657632,110,129,34
P104S,-0.127757386,-0.301647511,-0.173890124,119,108,30
P104T,0.045339739,0.456412115,0.411072376,129,132,55
P107A,-0.287387407,1.330135847,1.617523254,32,26,25
P107L,-0.027355489,0.17726601,0.204621499,37,36,13
P107Q,-0.332962611,1.038581401,1.371544012,47,37,30
P107R,-0.572789626,1.165447494,1.73823712,33,22,23
P107S,-0.075289966,0.598816816,0.674106782,34,32,16
P107T,-0.125330649,0.226848038,0.352178687,55,50,20
P113A,0.579213468,0.516354656,-0.062858812,27,40,12
P113L,-0.478813478,-1.206805139,-0.727991661,52,37,7
P113Q,-0.817902124,0.493634579,1.311536703,64,36,28
P113R,0.012172875,1.101317156,1.089144281,12,12,8
P113S,0.378300774,0.001781483,-0.376519291,45,58,14
P113T,0.153946836,0.31246482,0.158517984,184,203,71
P126A,0.218623752,0.793194861,0.574571109,13,15,7
P126H,0.427210374,0.101317156,-0.325893218,3,4,1
P126L,-0.284808863,-1.155022597,-0.870213734,43,35,6
P126Q,-0.402864624,0.101317156,0.504181781,48,36,16
P126R,0.234565296,-0.313720343,-0.548285639,12,14,3
P126S,-0.206007295,-1.561647856,-1.355640561,57,49,6
P126T,-0.172251696,0.290350981,0.462602677,50,44,19
P131A,0.712612593,0.686279657,-0.026332936,8,13,4
P131L,0.012172875,-1.171701338,-1.183874213,58,58,8
P131Q,0.366837756,0.455982038,0.089144281,61,78,26
P131R,-0.098858438,0.390823773,0.489682211,27,25,11
P131S,-0.589277749,-1.451223867,-0.861946118,44,29,5
P131T,-0.116151222,0.301615807,0.417767029,94,86,36
P15L,-0.518341842,-0.014160061,0.504181781,52,36,16
P15Q,-0.490327466,-0.401183184,0.089144281,17,12,4
P15R,-0.724792719,0.949314063,1.674106782,5,3,3
P15S,-0.377773643,-0.239719762,0.138053882,38,29,10
P15T,0.275207281,0.226848038,-0.048359242,55,66,20
P166A,0.012172875,-0.898682844,-0.910855719,6,6,1
P166H,0.874669351,-0.188189461,-1.062858812,11,20,3
P166L,-0.609315502,-1.635648438,-1.026332936,20,13,2
P166R,-1.987827125,-0.313720343,1.674106782,4,1,1
P166S,-0.402864624,-1.635648438,-1.232783813,20,15,2
P166T,-0.087362799,-0.220610939,-0.13324814,15,14,4
P172L,1.427210374,0.101317156,-1.325893218,3,8,1
P172Q,-0.987827125,1.423245251,2.411072376,6,3,5
P172S,-1.228835225,0.445271557,1.674106782,26,11,11
P174L,0.012172875,-0.898682844,-0.910855719,6,6,1
P174Q,-1.402864624,-0.313720343,1.089144281,8,3,2
P174S,-0.670636949,-0.544017962,0.126618987,61,38,13
P174T,0.427210374,-1.483645344,-1.910855719,9,12,1
P21H,-0.493062433,-0.188189461,0.304872972,44,31,12
P21L,0.012172875,-0.091327922,-0.103500797,24,24,7
P21R,-0.572789626,2.101317156,2.674106782,3,2,4
P21S,-0.320402464,-0.401183184,-0.08078072,34,27,8
P21T,-0.008888741,-0.136842581,-0.12795384,138,136,39
P23A,-0.987827125,-1.313720343,-0.325893218,8,4,1
P23H,0.365809829,-0.16171725,-0.527527079,18,23,5
P23L,0.06192591,-0.239719762,-0.301645672,57,59,15
P23S,0.090706277,0.198833662,0.108127385,143,151,51
P23T,0.896695657,-2.014160061,-2.910855719,13,24,1
P24H,-0.287387407,0.386719375,0.674106782,32,26,13
P24L,-0.033630815,0.145711276,0.17934209,32,31,11
P24S,-0.164704887,-1.42919756,-1.264492673,26,23,3
P24T,0.72586869,1.129886308,0.404017619,25,41,17
P25L,0.360096178,-2.773151962,-3.13324814,22,28,1
P25Q,-0.210219546,-0.121075265,0.089144281,7,6,2
P25S,-0.402864624,-0.313720343,0.089144281,24,18,6
P25T,-0.428399717,0.438352144,0.86675186,19,14,8
P42A,-1.250861531,-0.898682844,0.352178687,12,5,2
P42H,0.187259581,0.191514965,0.004255384,31,35,11
P42L,-0.094742329,0.271242158,0.365984487,56,52,21
P42R,-0.572789626,0.101317156,0.674106782,3,2,1
P42S,0.265929467,0.843820934,0.577891467,52,62,29
P42T,0.012172875,1.39677304,1.384600165,11,11,9
P43H,-0.694095922,-2.267916653,-1.573820731,31,19,2
P43L,-0.270226856,0.194426561,0.464653416,45,37,16
P43S,-0.235754639,0.138791862,0.3745465,38,32,13
P43T,-0.554867718,-1.313720343,-0.758852625,40,27,5
P46A,0.597135376,0.686279657,0.089144281,2,3,1
P46H,-0.119071658,-2.837282299,-2.718210641,23,21,1
P46L,-0.374850248,-0.36165482,0.013195428,153,117,37
P46S,0.012172875,-0.706037766,-0.718210641,21,21,4
P46T,0.679597536,-0.079255089,-0.758852625,17,27,5
P70A,0.012172875,0.101317156,0.089144281,3,3,1
P70L,-0.553424301,-0.201245614,0.352178687,37,25,10
P70Q,0.390684498,0.364351562,-0.026332936,10,13,4
P70S,-0.527192759,-0.223923673,0.303269087,109,75,29
P70T,-0.033630815,-1.313720343,-1.280089528,32,31,4
P76A,0.404490298,1.008207752,0.603717454,16,21,10
P76L,-0.19933123,-0.451223867,-0.251892636,22,19,5
P76Q,-0.162913832,-0.273078359,-0.110164527,35,31,9
P76R,-0.66589903,0.008207752,0.674106782,16,10,5
P76S,-0.572789626,-0.536112764,0.036676862,42,28,9
P76T,-0.416670424,-0.635648438,-0.218978014,70,52,14
P88A,-0.987827125,1.271242158,2.259069283,4,2,3
P88H,0.314735645,0.101317156,-0.213418489,30,37,10
P88L,-0.862296243,-1.358114462,-0.495818219,66,36,8
P88R,0.69024478,-0.635648438,-1.325893218,5,8,1
P88S,0.511743884,0.998223663,0.486479779,29,41,18
P88T,0.189959994,0.34050482,0.150544826,61,69,24
P93A,0.149153778,0.692016027,0.542862249,251,276,126
P93H,0.503159227,1.000388247,0.49722902,37,52,23
P93K,0.33410097,1.686279657,1.352178687,4,5,4
P93L,-0.250861531,-0.16171725,0.089144281,36,30,10
P93Q,-0.026997722,0.463887236,0.490884958,448,436,192
P93R,0.31334241,0.966387576,0.653045167,56,69,34
P93S,-0.09933544,0.322005271,0.421340712,121,112,47
P93T,0.001089376,0.633812237,0.632722861,392,389,189
Q119A,-0.987827125,-0.313720343,0.674106782,4,2,1
Q119E,0.390684498,-0.346141821,-0.736826319,90,117,22
Q119H,-0.198723908,-0.012718087,0.186005821,250,216,77
Q119K,-0.209829892,0.520440786,0.730270678,617,529,275
Q119L,-0.020993989,-0.563698596,-0.542704607,176,172,37
Q119P,0.111220244,0.368008586,0.256788342,197,211,79
Q119R,-0.289654014,-0.840967346,-0.551313332,196,159,34
Q119T,0.679597536,1.183779316,0.504181781,17,27,12
Q122E,0.465890842,0.555035124,0.089144281,46,63,21
Q122H,0.519132864,1.312821261,0.793688398,57,81,44
Q122K,0.493299565,0.88267687,0.389377305,96,134,55
Q122L,-0.481366598,-0.247832407,0.233534191,107,76,28
Q122P,-0.157752127,0.018854996,0.176607123,108,96,34
Q122R,-0.023451035,0.110087366,0.133538401,164,160,55
Q122T,0.012172875,1.686279657,1.674106782,3,3,3
Q153H,-0.417814966,0.086366815,0.504181781,97,72,32
Q153K,-0.810949363,-0.837282299,-0.026332936,23,13,4
Q153L,-0.528395506,0.534276564,1.06267207,160,110,72
Q153P,0.698064284,0.62214932,-0.075914965,23,37,11
Q153R,-0.823196423,-1.821514983,-0.99831856,91,51,8
Q167H,0.708780731,1.351860618,0.643079887,58,94,46
Q167K,0.012172875,0.949314063,0.937141188,5,5,3
Q167L,0.192745121,0.516354656,0.323609535,135,153,60
Q167P,0.484241319,0.191514965,-0.292726354,31,43,11
Q167R,0.579647949,0.011679944,-0.567968005,249,369,78
Q183H,-0.935359705,-2.068607845,-1.13324814,27,14,2
Q183K,0.514673215,0.908672078,0.393998863,12,17,7
Q183L,-0.350397205,-0.16171725,0.188679955,18,14,5
Q183P,-0.116151222,-1.868309195,-1.752157973,47,43,4
Q183R,-0.058216453,0.101317156,0.159533609,21,20,7
Q1E,-0.987827125,1.686279657,2.674106782,2,1,2
Q1H,-0.402864624,-0.313720343,0.089144281,4,3,1
Q1K,-0.724792719,-0.635648438,0.089144281,5,3,1
Q1P,0.749138469,0.994401952,0.245263483,21,35,13
Q1R,0.012172875,-0.121075265,-0.13324814,7,7,2
Q4H,0.204817953,-1.121075265,-1.325893218,7,8,1
Q4K,0.749138469,1.908672078,1.159533609,6,10,7
Q4L,-1.250861531,-0.313720343,0.937141188,12,5,3
Q85E,-0.418461479,-1.267916653,-0.849455174,31,23,4
Q85H,-0.235754639,-0.561647856,-0.325893218,38,32,8
Q85K,-0.007726683,0.781857317,0.789584,73,72,39
Q85L,-0.234919987,0.659312609,0.894232596,108,91,53
Q85P,-0.134668513,0.082580594,0.217249107,155,140,51
Q85R,0.207303216,0.881409998,0.674106782,145,166,83
Q85T,0.012172875,1.908672078,1.896499203,6,6,7
R103A,0.69024478,1.171706484,0.481461704,20,32,14
R103C,0.012172875,1.364351562,1.352178687,5,5,4
R103E,0.414271318,0.686279657,0.272008339,28,37,14
R103G,0.011434735,0.29442338,0.282988646,3910,3908,1490
R103K,0.092343224,-1.44300336,-1.535346584,35,37,4
R103L,0.012172875,1.271242158,1.259069283,8,8,6
R103M,0.290888903,0.662432915,0.371544012,122,148,60
R103P,0.012172875,1.686279657,1.674106782,1,1,1
R103Q,-1.987827125,0.271242158,2.259069283,8,2,3
R103S,-0.034369711,0.615890329,0.65026004,315,305,150
R103T,-0.123710553,0.458473739,0.582184293,89,81,38
R103V,0.079287071,0.753393853,0.674106782,84,88,44
R103W,-0.323793053,0.547759793,0.871552846,284,225,129
R110C,-0.411634834,-0.635648438,-0.224013604,55,41,11
R110G,0.196597446,0.811810539,0.615213093,22,25,12
R110H,0.244833632,0.171706484,-0.073127147,40,47,14
R110L,-0.123118491,0.816721846,0.939840338,391,356,214
R110P,-0.125330649,0.226848038,0.352178687,66,60,24
R110S,-0.840985737,-0.313720343,0.527265394,56,31,14
R110V,0.012172875,0.686279657,0.674106782,2,2,1
R115C,-1.020248603,-1.220610939,-0.200362336,45,22,6
R115G,0.182097876,0.686279657,0.504181781,16,18,8
R115H,0.040187251,0.261781828,0.221594577,51,52,19
R115L,-0.057089788,0.773742498,0.830832286,128,122,68
R115P,-0.609315502,0.364351562,0.973667064,20,13,8
R115Q,0.012172875,1.686279657,1.674106782,1,1,1
R115S,0.617893936,1.970072623,1.352178687,23,35,28
R117C,-0.913826544,-1.239719762,-0.325893218,38,20,5
R117G,0.69024478,0.364351562,-0.325893218,5,8,2
R117H,-0.206467412,-0.163973224,0.042494188,256,220,71
R117L,-0.346908218,0.780916531,1.12782475,118,92,63
R117P,-0.597880607,-0.71226972,-0.114389113,58,38,11
R117S,0.340795622,0.652332325,0.311536703,43,54,21
R120C,-0.639903822,-0.287725134,0.352178687,55,35,14
R120G,-0.987827125,0.364351562,1.352178687,20,10,8
R120H,-0.216096113,-0.349344253,-0.13324814,82,70,20
R120L,-0.212258692,0.55852411,0.770782802,118,101,54
R120P,1.597135376,2.686279657,1.089144281,1,3,2
R120Q,1.597135376,1.686279657,0.089144281,1,3,1
R120S,-0.054941321,0.133738634,0.188679955,88,84,30
R132G,0.15461714,-0.397784608,-0.552401748,212,234,50
R132K,-0.435286102,-1.635648438,-1.200362336,30,22,3
R132M,-0.29594942,1.15576494,1.451714361,26,21,18
R132S,-0.869182629,1.016428259,1.885610887,35,19,22
R132W,-0.615858348,-2.986145685,-2.370287337,51,33,2
R134G,-0.255049328,-0.547775682,-0.292726354,207,172,44
R134K,-0.08404244,-1.267916653,-1.183874213,31,29,4
R134M,-0.19933123,0.03420296,0.233534191,22,19,7
R134S,-0.827362453,0.505707411,1.333069864,34,19,15
R134W,-1.636919963,-2.837282299,-1.200362336,69,22,3
R137G,0.398451381,-0.898682844,-1.297134225,114,149,19
R137K,-0.194278003,-1.413256017,-1.218978014,60,52,7
R137M,-0.070289285,-0.220610939,-0.150321653,90,85,24
R137S,0.400443465,0.493634579,0.093191114,272,356,119
R137T,-0.219152671,-0.74667975,-0.527527079,27,23,5
R137W,0.577770051,1.933194397,1.355424347,75,111,89
R146G,0.264446586,0.173018622,-0.091427964,157,187,55
R146K,-0.067997474,-0.06374209,0.004255384,37,35,11
R146M,-0.457312408,0.101317156,0.558629565,18,13,6
R146S,-0.615858348,0.768741817,1.384600165,51,33,27
R146W,-0.653408086,-0.667357298,-0.013949212,138,87,27
R149C,-0.415920777,-1.06374209,-0.647821313,74,55,11
R149H,0.357308361,-0.938211208,-1.295519569,37,47,6
R149L,-0.30975522,0.548776133,0.858531353,55,44,25
R149S,-0.058216453,0.101317156,0.159533609,21,20,7
R165G,0.091900067,-0.96579704,-1.057697107,88,93,14
R165I,0.301679492,1.101317156,0.799637664,27,33,18
R165K,-0.958680779,-0.343467686,0.615213093,49,25,12
R165S,-0.112372223,0.800922223,0.913294446,133,122,72
R165T,0.012172875,1.686279657,1.674106782,2,2,2
R170C,-0.890965586,-1.16171725,-0.270751664,144,77,20
R170G,3.597135376,2.686279657,-0.910855719,1,12,2
R170H,-0.187904961,-0.040343993,0.147560968,139,121,42
R170L,-0.631683315,-1.372614032,-0.740930717,25,16,3
R170S,-0.219152671,-0.483645344,-0.264492673,27,23,6
R173C,-0.900364284,-1.991792248,-1.091427964,128,68,10
R173H,-0.337769596,0.123343463,0.461113059,65,51,22
R173L,-0.522163553,-0.706037766,-0.183874213,42,29,8
R173S,-0.435286102,-0.220610939,0.214675163,15,11,4
R175G,0.354043962,0.680985357,0.326941396,273,346,136
R175M,-0.103304343,0.101317156,0.204621499,39,36,13
R175S,0.348222078,1.399398509,1.051176431,61,77,50
R175T,2.33410097,1.686279657,-0.647821313,1,5,1
R175W,-0.12984613,-0.558832841,-0.428986711,128,116,27
R177G,-0.142896522,0.06408425,0.206980772,157,141,51
R177I,-0.04922767,1.101317156,1.150544826,72,69,48
R177K,0.38656839,1.179319668,0.792751279,27,35,19
R177S,0.437936781,1.143752423,0.705815642,134,180,92
R35G,0.194376206,-0.313720343,-0.508096549,52,59,13
R35I,-1.913826544,-1.561647856,0.352178687,19,5,2
R35K,-0.675883119,0.635653584,1.311536703,29,18,14
R35S,0.028026826,-0.085645776,-0.113672602,181,183,53
R41C,0.327948743,0.379618319,0.051669576,94,117,38
R41H,-0.116257065,0.021796817,0.138053882,317,290,100
R41L,-0.987827125,-0.121075265,0.86675186,14,7,4
R41S,0.07357342,0.62214932,0.5485759,23,24,11
R58G,0.444123757,1.024448393,0.580324636,106,143,67
R58K,0.712612593,0.493634579,-0.218978014,16,26,7
R58M,-0.66589903,-0.728757842,-0.062858812,16,10,3
R58S,-0.103304343,-0.692231966,-0.588927624,26,24,5
R58W,-1.185766503,-3.599122562,-2.413356059,39,17,1
R64G,-0.028854393,-0.733259235,-0.704404841,321,312,60
R64K,-0.058216453,-0.706037766,-0.647821313,21,20,4
R64M,-0.162913832,-1.858040859,-1.695127028,35,31,3
R64S,0.215706269,-1.036186367,-1.251892636,33,38,5
R64T,0.012172875,0.271242158,0.259069283,8,8,3
R64W,-0.879450964,-1.060954273,-0.181503309,141,76,21
R72G,-0.160008101,-1.313720343,-1.153712242,80,71,10
R72K,-0.224866322,-1.773151962,-1.548285639,33,28,3
R72M,-0.277333742,0.548776133,0.826109876,11,9,5
R72T,0.012172875,2.686279657,2.674106782,1,1,2
R72W,-0.659204378,-1.739985098,-1.08078072,43,27,4
R90C,-0.174240249,-0.657674744,-0.483434495,66,58,13
R90G,0.497599702,0.364351562,-0.13324814,15,21,6
R90H,0.28970685,-0.358114462,-0.647821313,33,40,8
R90L,-0.20195193,-0.586738837,-0.384786907,29,25,6
R90S,0.402119393,0.766898117,0.364778724,87,114,46
R98A,-0.054941321,0.811810539,0.86675186,22,21,12
R98C,-0.169347265,0.878924735,1.048272,203,179,116
R98D,1.33410097,0.686279657,-0.647821313,2,5,1
R98G,0.138292012,0.377821108,0.239529096,1226,1338,495
R98H,0.08570191,0.261781828,0.176079918,153,161,57
R98I,2.012172875,2.686279657,0.674106782,1,4,2
R98L,0.02031222,0.613030675,0.592718455,707,711,336
R98M,0.012172875,1.686279657,1.674106782,3,3,3
R98P,-0.004900638,0.364351562,0.369252201,85,84,34
R98Q,0.012172875,0.493634579,0.481461704,16,16,7
R98S,0.012172875,0.73384534,0.721672465,358,358,185
R98T,1.819527797,3.856204658,2.036676862,2,7,9
R98V,0.15461714,0.280287297,0.125670157,106,117,40
R98W,0.283474897,0.998223663,0.714748767,29,35,18
S105A,0.094293569,0.401885359,0.30759179,1878,1988,771
S105C,-0.030895847,1.242673006,1.273568853,34,33,25
S105D,-0.724792719,0.364351562,1.089144281,5,3,2
S105F,-0.382106064,0.069608297,0.451714361,46,35,15
S105H,-0.065829637,1.608277145,1.674106782,19,18,18
S105L,-0.473253952,1.686279657,2.159533609,7,5,7
S105P,0.009238778,0.265171766,0.255932988,2461,2456,919
S105R,-1.572789626,0.101317156,1.674106782,3,1,1
S105T,0.134031218,0.874025936,0.739994718,295,321,168
S105V,0.275207281,1.686279657,1.411072376,5,6,5
S105Y,0.287032716,0.433892495,0.146859779,81,98,34
S141A,-0.083404785,0.722805533,0.806210318,78,73,40
S141F,-1.465874422,-0.599122562,0.86675186,39,14,8
S141P,0.161550499,-1.432115044,-1.593665543,165,183,19
S141T,-0.597880607,-1.849773243,-1.251892636,58,38,5
S141Y,-0.30975522,-0.220610939,0.089144281,15,12,4
S154C,-0.489648391,-0.166616049,0.323032342,177,125,49
S154G,-0.077094463,-1.050685937,-0.973591474,200,188,30
S154I,0.156562784,-0.824682262,-0.981245046,57,63,10
S154N,0.149676399,-0.133148097,-0.282824496,60,66,17
S154R,-0.452068622,-0.085243159,0.366825463,338,245,99
S154T,0.263711642,0.293962234,0.030250592,21,25,8
S178C,-1.504885561,-1.688759774,-0.183874213,83,29,8
S178G,0.500854515,0.497701949,-0.003152566,253,355,111
S178I,-0.228835225,1.233767452,1.462602677,26,22,19
S178N,0.514673215,1.908672078,1.393998863,12,17,14
S178R,-0.038708294,-0.089288776,-0.050580482,202,195,59
S53A,-0.157752127,-1.483645344,-1.325893218,18,16,2
S53F,-0.324862112,-2.898682844,-2.573820731,24,19,1
S53P,0.053692144,0.047679193,-0.006012952,137,141,44
S53T,-0.359795903,-1.188189461,-0.828393558,44,34,6
S53Y,-1.103304343,-0.42919756,0.674106782,13,6,3
S56A,0.789780454,-1.121075265,-1.910855719,7,12,1
S56C,0.012172875,1.686279657,1.674106782,1,1,1
S56F,-0.593548186,-3.44300336,-2.849455174,35,23,1
S56P,0.171651089,-0.015722265,-0.187373354,231,258,71
S56T,-0.385162623,-0.068607845,0.316554778,54,41,16
S56Y,-0.502400298,0.364351562,0.86675186,20,14,8
S73A,0.632324804,1.018854996,0.386530192,54,83,34
S73L,-1.210219546,-0.384109671,0.826109876,21,9,5
S73P,-0.705427394,-1.715818787,-1.010391392,74,45,7
S73T,-0.316449873,-1.368168127,-1.051718254,108,86,13
S83A,-0.113358007,1.101317156,1.214675163,12,11,8
S83F,-0.30975522,0.949314063,1.259069283,30,24,18
S83N,0.012172875,2.493634579,2.481461704,4,4,7
S83P,-0.643178954,-2.483645344,-1.840466391,126,80,7
S83T,0.606534074,-0.526714066,-1.13324814,51,77,11
S83Y,0.169714152,0.307768034,0.138053882,26,29,10
T11A,0.27201371,0.39277997,0.120766261,1206,1444,492
T11I,0.299054023,0.364351562,0.065297539,50,61,20
T11P,-0.835824032,-1.483645344,-0.647821313,9,5,1
T11S,0.239978792,-0.654757261,-0.894736053,76,89,15
T148A,-0.020993989,-0.668815302,-0.647821313,220,215,43
T148I,-0.210219546,-1.121075265,-0.910855719,21,18,3
T148K,0.052250314,1.091121389,1.038871075,71,73,47
T148P,0.132467109,0.917605203,0.785138095,46,50,27
T148Q,0.012172875,0.686279657,0.674106782,2,2,1
T148R,1.012172875,1.686279657,0.674106782,1,2,1
T148S,0.589230177,0.562897241,-0.026332936,122,182,56
T161A,-0.355036099,-0.541526261,-0.186490161,89,69,19
T161I,-0.24308418,-0.938211208,-0.695127028,37,31,6
T161P,-0.835824032,-1.483645344,-0.647821313,9,5,1
T161S,-0.154476995,0.074844945,0.229321939,55,49,18
T32A,0.213159933,-0.684814495,-0.897974427,388,446,75
T32I,-0.442392989,-1.938211208,-1.495818219,37,27,3
T32K,0.789780454,-0.121075265,-0.910855719,7,12,2
T32P,0.301679492,-1.483645344,-1.785324837,18,22,2
T32S,0.106500257,-0.275246195,-0.381746453,74,79,19
T49A,0.359443818,-0.295572996,-0.655016814,158,201,40
T49I,0.161550499,-0.095080057,-0.256630555,55,61,16
T49N,-0.065829637,0.608277145,0.674106782,19,18,9
T49P,-0.894717721,2.302951017,3.197668738,15,8,23
T49S,0.231485903,-1.572454611,-1.803940515,67,78,7
T63A,-0.30975522,-0.52017122,-0.210416,180,144,39
T63I,-0.41313296,-0.868309195,-0.455176235,47,35,8
T63N,-0.30975522,-0.050685937,0.259069283,10,8,3
T63P,0.597135376,0.101317156,-0.495818219,18,27,6
T63S,-0.165365311,0.160818168,0.326183479,95,84,33
T67A,-0.829129379,-2.476950692,-1.647821313,215,120,12
T67I,-0.600804002,0.15576494,0.756568942,26,17,9
T67K,-0.20440222,-0.095080057,0.109322163,165,142,48
T67N,1.33410097,1.686279657,0.352178687,2,5,2
T67P,0.095830804,-0.209884532,-0.305715336,67,71,18
T67R,0.410722251,0.548776133,0.138053882,22,29,10
T67S,-0.361641962,-1.837282299,-1.475640337,92,71,8
T78A,-0.549138358,-0.984656067,-0.435517709,121,82,19
T78I,-0.631683315,-1.957576533,-1.325893218,25,16,2
T78N,0.552741256,0.548776133,-0.003965123,55,80,25
T78P,0.597135376,-1.313720343,-1.910855719,16,24,2
T78S,-0.009200776,-1.231258183,-1.222057407,68,67,9
V121A,-0.193878862,-1.147259197,-0.953380335,278,241,39
V121C,0.012172875,0.927287756,0.915114882,22,22,13
V121D,0.113456211,-0.592579716,-0.706035927,165,177,34
V121F,-0.131113001,0.297237366,0.428350368,275,249,105
V121G,-0.04759227,0.198341611,0.245933881,345,331,123
V121I,-0.217308971,-0.816220684,-0.598911712,136,116,24
V121L,0.189050637,-0.766892971,-0.955943608,115,130,21
V121S,-1.795182047,-0.121075265,1.674106782,7,2,2
V136A,-0.097799967,-2.081904668,-1.984104701,109,101,8
V136D,0.732487228,0.113094324,-0.619392904,122,201,41
V136F,0.283474897,0.828298662,0.544823765,58,70,32
V136G,0.406451814,0.257436358,-0.149015456,35,46,13
V136I,-0.087362799,-1.220610939,-1.13324814,15,14,2
V136L,0.012172875,1.686279657,1.674106782,1,1,1
V139A,0.362115346,-0.66421759,-1.026332936,153,195,30
V139E,0.210112252,-1.079255089,-1.289367342,68,78,10
V139G,-0.250861531,0.364351562,0.615213093,60,50,24
V139I,0.360096178,-1.773151962,-2.13324814,22,28,2
V139L,0.414271318,0.966387576,0.552116258,28,37,17
V52A,-0.078497484,0.064227838,0.142725322,197,185,64
V52D,0.012172875,-0.06291224,-0.075085114,158,158,47
V52G,0.497599702,0.779389061,0.281789359,45,63,24
V52I,-0.339299496,0.000388247,0.339687743,74,58,23
V52L,0.497599702,-0.635648438,-1.13324814,15,21,3
V66A,-0.262002089,-2.277194467,-2.015192378,156,129,10
V66D,-0.857766585,-2.041640798,-1.183874213,53,29,4
V66F,-0.850323601,-1.050685937,-0.200362336,20,11,3
V66G,0.535734831,-0.728757842,-1.264492673,16,23,3
V66I,-0.137574245,0.29142004,0.428994284,71,64,27
V77A,-0.119071658,-1.614889878,-1.495818219,69,63,7
V77G,-0.630670542,-1.204491273,-0.573820731,89,57,12
V77I,0.427210374,-0.55075954,-0.977969914,33,44,7
V77L,-0.502400298,-2.858040859,-2.355640561,70,49,3
V81A,0.337748747,-0.295572996,-0.633321743,79,99,20
V81D,1.012172875,2.271242158,1.259069283,2,4,3
V81E,0.275207281,0.399975472,0.124768191,100,120,41
V81G,0.055674514,0.293962234,0.238287721,294,303,112
V81I,0.628844235,0.364351562,-0.264492673,30,46,12
V81L,-0.117110142,-1.44300336,-1.325893218,35,32,4
W101A,-0.447258744,-1.773151962,-1.325893218,11,8,1
W101C,-0.086837131,0.878924735,0.965761866,196,183,112
W101E,0.497599702,0.364351562,-0.13324814,10,14,4
W101G,0.057291758,0.136640075,0.079348318,5729,5911,1957
W101L,-0.272708233,0.573579524,0.846287758,173,142,80
W101M,-0.180472203,2.008207752,2.188679955,16,14,20
W101R,0.287713694,0.574386777,0.286673083,670,811,310
W101S,-0.987827125,0.686279657,1.674106782,14,7,7
W101V,-0.185427085,0.968422886,1.153849971,125,109,76
W102C,-0.162222831,0.671924364,0.834147195,202,179,100
W102G,0.090304736,0.037670839,-0.052633897,5283,5577,1685
W102L,-0.334002766,0.472411308,0.806414074,225,177,97
W102R,0.572602364,0.295364952,-0.277237412,257,379,98
W102S,0.395501514,-0.252319798,-0.647821313,23,30,6
W102V,-0.137574245,0.558900351,0.696474595,142,128,65
W3C,-0.374850248,-0.401183184,-0.026332936,17,13,4
W3R,1.234565296,1.101317156,-0.13324814,3,7,2
Y116A,-0.572789626,1.101317156,1.674106782,3,2,2
Y116C,-0.470768689,-1.084238497,-0.613469808,116,83,17
Y116D,0.138081772,0.543321703,0.405239931,318,347,144
Y116E,-0.572789626,0.101317156,0.674106782,3,2,1
Y116F,-0.122756705,-0.661643646,-0.538886941,56,51,11
Y116H,0.32029517,-0.898682844,-1.218978014,84,104,14
Y116N,0.292280794,-0.79914717,-1.091427964,28,34,5
Y116S,-0.109436572,0.268359649,0.377796221,334,307,125
Y116T,-1.572789626,0.101317156,1.674106782,3,1,1
Y116V,1.012172875,1.686279657,0.674106782,1,2,1
Y190C,1.471604494,0.686279657,-0.785324837,4,11,2
Y190F,-0.250861531,0.101317156,0.352178687,6,5,2
Y190H,-2.30975522,0.364351562,2.674106782,5,1,2
Y190N,0.749138469,1.686279657,0.937141188,3,5,3
Y20C,0.314735645,0.101317156,-0.213418489,90,111,30
Y20D,-1.987827125,-0.898682844,1.089144281,12,3,2
Y20F,-0.353476597,-0.794847033,-0.441370435,67,52,12
Y20H,-0.253417236,-0.490043116,-0.23662588,113,94,25
Y20N,-0.280007877,0.302951017,0.582958894,60,49,23
Y20S,-0.377773643,-0.561647856,-0.183874213,38,29,8
Y55C,-0.437630043,0.579364453,1.016994496,56,41,26
Y55D,-0.331781526,-1.358114462,-1.026332936,33,26,4
Y55F,0.18435385,0.060094494,-0.124259357,71,80,23
Y55H,0.163114773,-0.115780965,-0.278895738,136,151,39
Y55N,0.427210374,-1.091327922,-1.518538296,48,64,7
Y55S,0.105282279,0.586743983,0.481461704,15,16,7
Y65C,0.116509535,-5.220610939,-5.337120473,120,129,1
Y65D,-0.549706013,-0.945988559,-0.396282546,31,21,5
Y65F,0.179772823,-1.100316705,-1.280089528,138,155,20
Y65H,0.295344926,-0.781869179,-1.077214105,83,101,15
Y65N,0.218623752,-1.554728443,-1.773352195,104,120,11
Y65S,-0.30975522,-1.220610939,-0.910855719,15,12,2
